,,,,,,,,,,,,
序号,用户id,会话id,问题排序（同一个会话ID，提问先后顺序）,用户提问,附件名称：名称.后缀,AI回答,知识库名称,引用的文档名称,文本片段内容1（相似度+文本内容）,文本片段内容2（相似度+文本内容）,文本片段内容N（相似度+文本内容）,创建时间
,,,,,,,,,,,,
1,abc-123,da6dc767-bb47-4165-8539-d24785a7dcfe,1,软件探针,,"看起来您的消息可能没有完整发送。您提到“软件探针”以及客户端和服务器端的查看方式，还提到“客户端生成测试日志”，但内容似乎不完整。

为了更好地帮助您，请您明确以下几点：

1. **您使用的软件探针具体是什么类型或名称？**（例如：网络探针、APM性能探针、自研监控探针等）
2. **您希望实现什么目标？**  
   - 是想确认客户端是否成功生成了测试日志？  
   - 还是想在服务器端验证探针数据是否正确上报？  
   - 或者排查日志未生成/未上传的问题？
3. **当前遇到了什么问题或现象？**（例如：日志找不到、服务器收不到数据、格式错误等）

提供这些信息后，我可以更精准地为您提供排查步骤、配置建议或示例命令。",软件探针-fix.md...,软件探针-fix.md,相似度:0.2000 3. 客户端查看：,相似度:0.1440 服务器端查看：**,相似度:0.1253 1. 客户端生成测试日志,2026-02-06 14:17:17
2,abc-123,7c611844-d514-4a89-af47-9073f95f95c6,1,探针是www什么,,"您的问题似乎不完整或存在格式混乱。根据您提供的片段“探针是www什么{服务器端查看：** 3. 客户端查看： 2. 服务器端查看日志（默认 /var/log/messages）}”，推测您可能想了解以下内容：

---

### **关于“探针”的常见解释**
1. **网络监控探针（Probe）**  
   - 通常指用于主动探测服务器/网络状态的工具（如 Zabbix、Prometheus 的 Exporter、Ping/Traceroute 等）。  
   - **作用**：收集服务器性能数据（CPU、内存、网络等）或检测服务可用性。

2. **Web 应用探针**  
   - 某些场景下指嵌入在网页中的监控脚本（如前端性能监控探针），用于追踪用户行为或页面加载性能。

3. **安全探针**  
   - 用于检测系统漏洞或异常行为的工具（如入侵检测系统 IDS 的传感器）。

---

### **您提到的操作步骤解析**
- **服务器端查看**  
  - 检查探针进程是否运行：`ps aux | grep probe`  
  - 查看配置文件（路径因工具而异，如 `/etc/zabbix/zabbix_agentd.conf`）。
- **客户端查看**  
  - 若探针需客户端配合（如浏览器插件或 Agent），需检查客户端日志或状态。
- **服务器日志**  
  - 默认日志路径 `/var/log/messages`（适用于 Syslog 记录），但具体取决于探针工具：  
    - Zabbix 日志：`/var/log/zabbix/`  
    - Prometheus Node Exporter：通常通过 `journalctl -u node_exporter` 查看。

---

### **需要您澄清的问题**
1. 您提到的“www什么”是否指某个具体工具？（例如：Zabbix、Nagios、阿里云云监控等？）  
2. 探针的具体用途是什么？（监控、安全检测、还是其他？）  
3. 是否遇到错误？如果有，请提供具体报错信息。

请补充更多上下文，我会给出针对性解答！",软件探针-fix.md...,软件探针-fix.md,相似度:0.1224 服务器端查看：**,相似度:0.1108 3. 客户端查看：,相似度:0.0605 2. 服务器端查看日志（默认 /var/log/messages）,2026-02-06 14:17:06
3,abc-123,6e51cdc6-4880-4437-84b9-6dbdc42b4ec9,1,探针是www什么,,"您的问题似乎不完整或存在格式混乱。根据您提供的片段“探针是www什么{服务器端查看：** 3. 客户端查看： 2. 服务器端查看日志（默认 /var/log/messages）}”，我推测您可能是在询问关于 **Web 探针（Probe）** 或 **网站监控探针** 的相关内容，尤其是在服务器和客户端如何查看其运行状态或日志。

下面是对“探针”在 Web 环境中的常见解释及查看方法：

---

### 什么是 Web 探针？
在运维或安全领域，“探针”通常指：
- **监控探针**：用于探测服务是否可用（如 HTTP 探针、TCP 探针），常用于 Kubernetes、Nginx、Prometheus 等系统。
- **安全探针**：某些网站防护系统（如云 WAF、防篡改系统）会在网站根目录部署一个探针文件（如 `probe.php`、`web_probe.html`），用于检测网站是否被篡改或是否正常响应。
- **性能探针**：如 APM（应用性能监控）工具（如 Pinpoint、SkyWalking）注入的探针，用于收集应用运行数据。

---

### 如何查看探针相关日志？

#### 1. **服务器端查看**
- **Web 服务日志**：
  - Apache: `/var/log/apache2/access.log` 或 `/var/log/httpd/access_log`
  - Nginx: `/var/log/nginx/access.log`
  - 查找对探针文件（如 `/probe.php`、`/healthz`）的访问记录。
- **系统日志**：
  - 默认路径：`/var/log/messages`（CentOS/RHEL）
  - 或使用：`journalctl -u your-service`（systemd 系统）
- **应用日志**：
  - 如果探针是应用的一部分（如 Spring Boot Actuator 的 `/actuator/health`），需查看应用自身的日志文件。

#### 2. **客户端查看**
- 使用浏览器或命令行工具访问探针 URL：
  ```bash
  curl -v http://your-domain.com/probe
  curl -v http://your-domain.com/healthz
  ```
- 检查返回状态码（如 200 表示健康，5xx 表示异常）。
- 使用开发者工具（F12）查看网络请求是否成功加载探针资源。

---

### 常见探针示例
| 类型       | 示例路径                | 用途                     |
|------------|-------------------------|--------------------------|
| 健康检查   | `/health`, `/healthz`   | Kubernetes 或负载均衡探测 |
| 安全探针   | `/probe.php`, `/check.html` | 防篡改、可用性监控       |
| APM 探针   | 无直接 URL，通过 agent 注入 | 性能监控、链路追踪       |

---

如果您能提供更完整的上下文（例如：探针的具体名称、使用场景、错误信息等），我可以给出更精准的解答。",软件探针-fix.md...,软件探针-fix.md,相似度:0.1225 服务器端查看：**,相似度:0.1106 3. 客户端查看：,相似度:0.0605 2. 服务器端查看日志（默认 /var/log/messages）,2026-02-06 11:00:24
4,abc-123,e9f1fe9b-1da2-4755-9666-1caff11a7cdd,1,,,我是通义千问，阿里巴巴集团旗下的超大规模语言模型。我能够回答问题、创作文字，比如写故事、写公文、写邮件、写剧本、逻辑推理、编程等等，还能表达观点，玩游戏等。如果你有任何问题或需要帮助，欢迎随时告诉我！,,,,,,2026-02-06 09:56:55
5,abc-123,83f3b3dd-d6d0-4ead-8b30-d31b10d10aa6,1,,,我是通义千问，阿里巴巴集团旗下的超大规模语言模型。我可以回答问题、创作文字，比如写故事、写公文、写邮件、写剧本、逻辑推理、编程等等，还能表达观点，玩游戏等。如果你有任何问题或需要帮助，欢迎随时告诉我！,,,,,,2026-02-06 09:56:45
6,e246897f-97da-4c49-8677-cd124a92722c,4552f8ab-df01-4ee1-a527-b1e8811f5f9e,1,,,我是通义千问，阿里巴巴集团旗下的超大规模语言模型。我能够回答问题、创作文字，比如写故事、写公文、写邮件、写剧本、逻辑推理、编程等等，还能表达观点，玩游戏等。如果你有任何问题或需要帮助，欢迎随时告诉我！,,,,,,2026-01-20 11:52:33
7,e246897f-97da-4c49-8677-cd124a92722c,70d41d30-44af-4aad-8ec6-96481a39e87a,1,,,我是通义千问，阿里巴巴集团旗下的超大规模语言模型。我能够回答问题、创作文字，比如写故事、写公文、写邮件、写剧本、逻辑推理、编程等等，还能表达观点，玩游戏等。如果你有任何问题或需要帮助，欢迎随时告诉我！,,,,,,2026-01-20 11:52:08
8,e246897f-97da-4c49-8677-cd124a92722c,4e267e30-a1a5-4571-b1a2-91ced868d97d,1,,,我是通义千问，阿里巴巴集团旗下的超大规模语言模型。我能够回答问题、创作文字，比如写故事、写公文、写邮件、写剧本、逻辑推理、编程等等，还能表达观点，玩游戏等。如果你有任何问题或需要帮助，欢迎随时告诉我！,,,,,,2026-01-20 11:51:50
9,e246897f-97da-4c49-8677-cd124a92722c,042ac035-24bb-48c3-a7e2-70df3514675b,1,,,,,,,,,2026-01-20 11:51:07
10,e246897f-97da-4c49-8677-cd124a92722c,585a7168-d697-4c66-8262-6d71e1c381ed,1,,,,,,,,,2026-01-20 11:50:48
,,,,,,,,,,,,
注：此处区分是否可上传附件、是否引用RAG知识库，若无内容，为空即可。,,,,,,,,,,,,
,,,,,,,,,,,,
